NO;Kalimat/Data;Sumber Akses Link;;;;;
1;Konsep green economy merupakan suatu konsep yang relatif baru, namun konsep ini sejatinya  pengembangan dari suistainable development.;Jurnal 1;;;;;
2;Penerapan dan pelaksanaan green economy yang terarah dan menyeluruh di Indonesia harus ditunjang oleh kebijakan pemerintah untuk menjamin keberhasilan penerapannya.;Jurnal 1;;;;;
3; Seperti yang telah ditetapkan oleh Kabinet Indonesia Bersatu II dalam Rencana Pembangunan Jangka Menengah Nasional-nya (RPJMN) periode 2010–2014 sebagai dasar pengembangan perekonomian Indonesia yang berkelanjutan yang antara lain dilakukan melalui aplikasi green budgeting untuk menata-kelola keuangan anggaran pemerintah.;Jurnal 1;;;;;
4;Konsep pembangunan berkelanjutan di Indonesia telah diamanatkan dalam Pembukaan Undang-Undang Dasar 1945;Jurnal 1;;;;;
5;Hal ini sejalan dengan hasil Konferensi PBB tentang Lingkungan Hidup yang diadakan di Stockholm Tahun 1972, Deklarasi Lingkungan Hidup KTT Bumi di Rio de Janeiro Tahun 1992, dan KTT Pembangunan Berkelanjutan di Johannesburg Tahun 2002 yang menyepakati prinsip dalam pengambilan keputusan pembangunan harus memperhatikan dimensi lingkungan.;Jurnal 1;;;;;
6;Implementasi dari green budgeting antara lain melalui penerapan green procurement pada kebijakan publik.;Jurnal 1;;;;;
7;Dalam rangka mengembangkan green economy, BKF kini tengah mengembangkan, mengevaluasi, dan menerapkan kebijakan fiskal dan instrumen pendanaan yang dapat menyumbang kepada tanggapan Indonesia terhadap perubahan iklim secara keseluruhan (Isu-Isu perubahan Iklim & Kebijakan Fiskal, Inisiatif 2009).;Jurnal 1;;;;;
8;Green economy merupakan suatu model pendekatan pembangunan ekonomi yang tidak lagi mengandalkan pembangunan ekonomi berbasis eksploitasi sumber daya alam dan lingkungan yang berlebihan.;Jurnal 1;;;;;
9;Green economy merupakan suatu lompatan besar untuk meninggalkan praktik-praktik ekonomi yang mementingkan keuntungan jangka pendek yang telah mewariskan berbagai permasalahan yang mendesak untuk ditangani, termasuk di antaranya menggerakkan perekonomian yang rendah karbon (low carbon economy).;Jurnal 1;;;;;
10;Peranan Kementerian Keuangan dalam mengimplementasikan konsep green economy sangat penting, selama ini kebijakan fiskal untuk green economy masih terbatas pada pengembangan opsi-opsi kebijakan fiskal dan ekonomi untuk melaksanakan mitigasi perubahan iklim yang berfokus pada sektor energi dan penggunaan lahan.;Jurnal 1;;;;;
11;Ke depan tantangan Kementerian Keuangan adalah mengembangkan kebijakan fiskal untuk dorongan kepada sektor industri menuju green industry, green electricity.;Jurnal 1;;;;;
12;Di samping itu, sejalan dengan konsep green economy, Kementerian Keuangan juga dituntut untuk mengembangkan kebijakan fiskal yang berorientasi pada green budgeting.;Jurnal 1;;;;;
13;Green  Economy dapat  diartikan  sebagai  model  ekonomi  baru  yang  bertolak  belakang dengan  model  ekonomi  sekarang  (black  economical  model)yang  mengunakan fossil fuels.;Jurnal 2;;;;;
14;Selain   itu, green   economy juga   didasarkan   pada   pengetahuan ecological economics yang  membahas  tentang  ketergantungan  manusia  secara  ekonomis  terhadap ekosistem  alam  akibat  ketergantungan  manusia  terhadap climate  change dan global warming(Anden, 2022).;Jurnal 2;;;;;
15;Konsep  ekonomi  hijau  meliputi  cakupan  yang  luas  dan  meruapkan  paradigma  baru dalam  pembangunan ekonomi  guna  menggantikan  kebijakan-kebijakan  lingkungan yang pada masa lalu kerap difokuskan pada solusi jangka pendek.;Jurnal 2;;;;;
16;Pendekatan ekonomi hijau merupakan win-win solutiondalam mengakhiri perdebatan para penentu kebijakan yang tidak ada habis-habisnya seputar “pelestarian lingkunga” dan “pertumbuhan ekonomi” atau dengan kata lain ekonomi hijau adalah model pembangunan ekonomi berbasiskan pengetahuan terhadap ecological economicdan dreen economic yang bertujuan untuk menjawab saling ketergantungan santaraekonomi dam ekosistem serta dampak negatif akibat aktivitas ekonomi termasuk perubahan iklim dan pemanasan global.;Jurnal 2;;;;;
17;Berdasarkan  berbagai  pengertian  yang  dikemukakan  oleh  berbagai  penulis,  inti  dari green   economy merupakan low   carbon   growth,   resource   efficiency dan social inclusivity,yang  berimplikasi  pada  pembangunan  yang  berkelanjutan, management energi,  ekonomi  hijau  di  perkotaan  dan  juga  bisnis  hujia (Utama,  Muhtadi,  Arifin,  & Imron, 2019);Jurnal 2;;;;;
18;Hal  ini  membuktikan  bahwa  hubungan green  economy terhadap  pembangunan  suatu negara  sangat  lah  berpengaruh.  Pengaruh  tersebut  secara  tidak  langsung  terjadi  akibat keseimbangan yang terjadi baik dari ekosistem maupun lingkungan. ;Jurnal 2;;;;;
19;Green  Economic tidak  hanya  permasalahan  lingkungan,  tetapi  diperlukan  adanya kegiatan  industri  yang  bergerak  untuk  mengharmonisasikan  kegiatan  dengan  sistem alam   sehingga   diperlukan   kreativitas   umat   manusia   dan   pengetahuan   mendasar berwawasan   lingkungan   dari   seluruh   kompone   masyarakat.;Jurnal 2;;;;;
20;Kebijakan ekonomi hijau Indoneisa menekankan pada pengurangan kemiskinan dan internalisasi biaya lingkungan hidup.;Jurnal 2;;;;;
21;Implementasi   utama   Ekonomi   Hijau   di   Indonesia   adalah   komitmen   Pemerintah Indonesia   untuk   mengurangi   emisi   rumah   kaca   sebesar   26%   pada   tahun   2020. ;Jurnal 2;;;;;
22;Penerapan green   economy di Indonesia    merupakan    salah    satu    konsep    yang menguntungan;Jurnal 2;;;;;
23;Implementasi green economy di  Indonesia  yang terarah dan  secara  menyeluruh harus  ditunjang  oleh  adanya  kebijakan  pemerintah  untuk  dapat  menjamin keberhasilan implementasinya;Jurnal 3;;;;;
24;Green economy Indonesia ditopang  oleh enam  sumber energi  terbarukan  yaitu, gelombang  laut, panas  bumi,  bioenergi, air,  angin, dan  panas  matahari;Jurnal 3;;;;;
25;Salah satunya dengan dibuatnya Peraturan Presiden Nomor 12 tahun 2022 tentang Percepatan Pengembangan Energi  Terbarukan untuk Penyediaan Tenaga Listrik;Jurnal 3;;;;;
26;Berdasarkan  uraian  diatas,  dapat  disimpulkan  bahwa  konsep  green  economy merupakan sebuah konsep pembangunan ekonomi yang berlandaskan pelestarian lingkungan,  yang  mana  bertujuan  untuk  meningkatkan  kesetaraan  dan kesejahteraan  sosial  masyarakat,  sekaligus  mengurangi  risiko  kerusakan lingkungan secara signifikan.;Jurnal 3;;;;;
27;Tentunya dalam melaksanakan green economy di Indonesia dibutuhkan peran serta seluruh pihak, baik pemerintahan, ekonom, pelaku bisnis, hingga masyarakat dalam mewujudkan green economy sesuai dengan yang telah direncanakan sehingga dapat tercapainya pembangunan berkelanjutan.;Jurnal 3;;;;;
28;Ekonomi  hijau  di Indonesia merupakan paradigma pembangunan yang  berfokus  pada  pertumbuhan  ekonomi yang berkelanjutan dengan  tetap  melestarikan lingkungan  dan  kesejahteraan  sosial;Jurnal 4;;;;;
29;Penerapan  ekonomi  hijau  terbentuk  karena dorongan  oleh  kesadaran  akan  keterbatasan sumber  daya  alam  dan  dampak  negatif pembangunan  ekonomi  terhadap  lingkungan (Judijanto et al., 2025).;Jurnal 4;;;;;
30;Upaya  dalam  mengurangi  kemiskinan, menciptakan  lapangan  kerja  dan  menjamin pertumbuhan  ekonomi  yang  berkelanjutan merupakan  penerapan yang  melatarbelakangi adanya  ekonomi  hijau.;Jurnal 4;;;;;
31;Penelitian ini menggunakan pendekatan kualitatif dengan metode Systematic Literature Review  (SLR)  untuk  menganalisis  strategi pembangunan pertanian berkelanjutan berbasis green  economy  di  Indonesia.;Jurnal 4;;;;;
32;Ekonomi  hijau  merupakan sistem  ekonomi  yang  bertujuan  untuk menyeimbangkan  pertumbuhan  ekonomi  dan pelestarian  lingkungan  dengan  pemanfaatan sumber  daya  alam  secara  berkelanjutan  dan ramah  lingkungan  (Nugraha  et  al.,  2024);Jurnal 4;;;;;
33;Implementasi  ekonomi  hijau  di  Indonesia menunjukkan  dampak  positif  terhadap pendapatan  negara.;Jurnal 4;;;;;
34;Sektor  pertanian  memiliki  peran  yang cukup penting dalam transisi menuju ekonomi hijau, karena dalam sektor ini menyerap sekitar 28,15%  tenaga  kerja  nasional  menjadikan sektor  pertanian  dengan  penyerapan  tenaga kerja  terbesar  (BPS,  2025). ;Jurnal 4;;;;;
35;Temuan kajian ini  menunjukkan bahwa implementasi ekonomi hijau di Indonesia telah memiliki  kerangka  kebijakan  yang  relatif komprehensif  melalui  RPJMN,  LCDI,  dan Green Economy Indonesia Roadmap.;Jurnal 4;;;;;
36;Salah satu prinsip ekonomi hijau adalah efisiensi  sumber  daya  dengan  menggunakan sumber  daya  alam  secara berkelanjutan dan bertanggung  jawab  untuk  meminimalkan dampak  negatif  terhadap  lingkungan  dan bertanggung  jawab  untuk  meminimalkan dampak  negatif  terhadap  lingkungan  dan memastikan  pertumbuhan  ekonomi  dan kesejahteraan sosial jangka panjang. ;Jurnal 4;;;;;
37;Penerapan  kebijakan ekonomi hijau memiliki pengaruh  positif  dan signifikan  terhadap  peningkatan  pendapatan   nasional.;Jurnal 4;;;;;
38;Ekonomi  hijau  mampu  memperkuat partisipasi  masyarakat  pedesaan  dalam pembangunan.;Jurnal 4;;;;;
39;Sejalan  dengan  tujuan  penelitian  ini untuk menganalisis peran ekonomi hijau dalam mendorong  pembangunan  pertanian berkelanjutan  yang  inklusif,  temuan menunjukkan bahwa penerapan ekonomi hijau berkontribusi  signifikan  dalam  memperkuat partisipasi masyarakat pedesaan dalam proses pembangunan.;Jurnal 4;;;;;
40;Ekonomi  hijau mengandalkan  pada  tiga  strategi  inti  yang meliputi  pengurangan  emisi karbon,  efisiensi penggunaan  energi  dan  sumber  daya  alam, serta  perlindungan  terhadap  ekosistem  dan keanekaragaman hayati. ;Jurnal 4;;;;;
41;Ekonomi  hijau  secara  konseptual bertujuan  untuk  mendorong  pertumbuhan ekonomi  yang  berkelanjutan  tanpa menurunkan kualitas lingkungan hidup.;Jurnal 4;;;;;
42;Temuan menunjukkan bahwa penerapan prinsip ekonomi hijau telah berkontribusi pada meningkatnya kesadaran dan komitmen pelaku usaha,  termasuk  di  sektor  pertanian  dan agroindustri,  terhadap  praktik  konservasi lingkungan.;Jurnal 4;;;;;
43;Hasil  penelitian  Geissdoerfer  et  al. (2017)  yang  menunjukkan  bahwa  ekonomi hijau  dan ekonomi  sirkular  berperan  penting dalam meminimalkan eksploitasi sumber daya alam  sekaligus  mempertahankan  fungsi ekosistem.;Jurnal 4;;;;;
44;Kebijakan pemerintah merupakan faktor utama pendorong implementasi ekonomi hijau. ;Jurnal 4;;;;;
45;Penelitian  oleh  Rockström  et  al.  (2023) menunjukkan  bahwa  ekspansi  pertanian berskala  besar  di  negara  berkembang  hanya dapat  mendukung  ekonomi  hijau  apabila disertai dengan pendekatan berbasis ekosistem dan perlindungan keanekaragaman hayati.;Jurnal 4;;;;;
46;Transisi  ke  ekonomi hijau  memerlukan investasi  besar  dalam  infrastruktur  rendah karbon, energi terbarukan dan teknologi hijau.;Jurnal 4;;;;;
47;Penerapan  kebijakan  ekonomi  hijau memerlukan  dukungan  dari  berbagai  pihak, termasuk  sektor  swasta,  masyarakat,  dan lembaga  internasional.;Jurnal 4;;;;;
48;  Kerjasama  antara pemerintah  dan  sektor  swasta  dalam pengembangan  teknologi  ramah  lingkungan dan  inovasi  sangat  penting  untuk memaksimalkan  pencapaian  tujuan  ekonomi hijau.  ;Jurnal 4;;;;;
49;Penerapan prinsip ekonomi hijau melalui efisiensi  penggunaan  sumber  daya, pemanfaatan energi dan teknologi yang ramah lingkungan,  serta  pengelolaan  limbah  yang berbasis pada ekonomi sirkular telah memberi efek  positif  terhadap  produktivitas  pertanian dan  pendapatan  nasional.  ;Jurnal 4;;;;;
50; Penelitian  ini  menunjukkan  bahwa penerapan  ekonomi  hijau  di  sektor  pertanian Indonesia  memiliki  peran  penting  dalam mendukung  pembangunan  berkelanjutan. Indonesia sebagai negara agraris dan kekayaan sumber daya alam yang melimpah, Indonesia memiliki  potensi  untuk  menjadikan  bidang pertanian  sebagai  pilar  utama  dalam  transisi menuju ekonomi hijau.;Jurnal 4;;;;;
;;;;;;;
;;;;;;;
